{"cameraMode":{"drawMode":0,"name":"Shaded","section":"Shading Mode"},"sceneLighting":true,"audioPlay":false,"sceneViewState":{"showFog":true,"showMaterialUpdate":false,"showSkybox":true,"showFlares":true,"showImageEffects":true,"showParticleSystems":true},"in2DMode":false,"pivot":{"x":902.5736694335938,"y":35.99156188964844,"z":0.0},"rotation":{"x":0.008623426780104638,"y":0.12327610701322556,"z":0.0010702862637117506,"w":-0.9923343658447266},"size":190.17613220214845,"orthographic":false}