{"cameraMode":{"drawMode":0,"name":"Shaded","section":"Shading Mode"},"sceneLighting":true,"audioPlay":false,"sceneViewState":{"showFog":true,"showMaterialUpdate":false,"showSkybox":true,"showFlares":true,"showImageEffects":true,"showParticleSystems":true},"in2DMode":false,"pivot":{"x":833.802490234375,"y":454.4251708984375,"z":-52.57843017578125},"rotation":{"x":0.013189314864575863,"y":-0.0024047058541327717,"z":-0.00003270335582783446,"w":-0.9999101758003235},"size":977.5106201171875,"orthographic":false}